PatientID,FirstName,LastName,DOB,Phone,Email,PatientType,RegistrationDate
1,Sandra,Hernandez,1956-02-12,5557295435,sandra.hernandez@example.com,Returning,
2,Jeffrey,Diaz,1971-10-02,5551279064,jeffrey.diaz@example.com,Returning,
3,Donna,Taylor,1980-03-26,5555911483,donna.taylor@example.com,New,
4,Sharon,Thompson,1970-10-17,5556434017,sharon.thompson@example.com,Returning,
5,Michael,Evans,1949-08-27,5551278979,michael.evans@example.com,New,
6,Sarah,Murphy,1977-08-10,5559054157,sarah.murphy@example.com,Returning,
7,William,King,1946-07-13,5551556234,william.king@example.com,Returning,
8,Olivia,King,1954-10-10,5557203811,olivia.king@example.com,Returning,
9,Ruth,Gonzalez,2005-01-20,5559286689,ruth.gonzalez@example.com,New,
10,Ronald,Perez,1958-11-23,5554979948,ronald.perez@example.com,Returning,
11,Amy,Smith,1986-05-15,5553858302,amy.smith@example.com,New,
12,Timothy,Williams,1966-01-24,5551410957,timothy.williams@example.com,Returning,
13,John,Thompson,1978-09-19,5559028059,john.thompson@example.com,Returning,
14,Sarah,Parker,1961-03-17,5552794236,sarah.parker@example.com,Returning,
15,Kenneth,Thomas,1993-12-07,5552426672,kenneth.thomas@example.com,New,
16,John,Scott,1964-04-24,5555212485,john.scott@example.com,New,
17,Andrew,Flores,1990-07-27,5556938664,andrew.flores@example.com,Returning,
18,Ronald,King,2000-01-25,5555571042,ronald.king@example.com,Returning,
19,William,Jones,1976-02-24,5552932564,william.jones@example.com,New,
20,Kenneth,Sanchez,1950-04-20,5551031139,kenneth.sanchez@example.com,Returning,
21,Helen,Nelson,1987-11-20,5556100288,helen.nelson@example.com,Returning,
22,Jason,Williams,2003-11-18,5558900048,jason.williams@example.com,Returning,
23,Jason,Scott,1996-02-23,5559719005,jason.scott@example.com,Returning,
24,Mark,Baker,2006-01-19,5558630973,mark.baker@example.com,Returning,
25,Jennifer,Carter,1966-12-21,5559568509,jennifer.carter@example.com,Returning,
26,Michael,Nguyen,1969-04-19,5554361144,michael.nguyen@example.com,Returning,
27,Brenda,Wilson,1977-06-08,5555641340,brenda.wilson@example.com,Returning,
28,Emma,Jackson,1953-03-28,5555691786,emma.jackson@example.com,Returning,
29,Andrew,Thompson,1992-01-23,5556372733,andrew.thompson@example.com,Returning,
30,Lisa,Green,1978-02-16,5558174458,lisa.green@example.com,Returning,
31,Janet,Thompson,1969-11-15,5554367244,janet.thompson@example.com,Returning,
32,Brian,Morris,2000-05-22,5554132359,brian.morris@example.com,New,
33,Gary,Smith,1992-10-05,5551793279,gary.smith@example.com,New,
34,Steven,Robinson,1944-04-15,5558445301,steven.robinson@example.com,Returning,
35,Gary,Thomas,1961-11-09,5557761296,gary.thomas@example.com,Returning,
36,Joshua,Anderson,1991-06-23,5555186328,joshua.anderson@example.com,Returning,
37,Michelle,Reyes,1957-04-01,5552196438,michelle.reyes@example.com,Returning,
38,Sarah,Nguyen,2003-09-18,5551445769,sarah.nguyen@example.com,Returning,
39,Ashley,Rodriguez,2001-11-05,5556304745,ashley.rodriguez@example.com,Returning,
40,Jonathan,Stewart,1974-04-15,5551117583,jonathan.stewart@example.com,Returning,
41,Mark,Parker,1977-10-19,5555709092,mark.parker@example.com,Returning,
42,Ronald,White,1988-06-12,5554460272,ronald.white@example.com,New,
43,Amanda,Harris,1997-11-01,5559407736,amanda.harris@example.com,Returning,
44,Steven,Turner,1967-12-07,5556970496,steven.turner@example.com,Returning,
45,Lisa,Smith,1990-08-04,5551309459,lisa.smith@example.com,New,
46,Edward,Evans,1951-06-27,5559578751,edward.evans@example.com,Returning,
47,Janet,Cruz,1967-08-04,5554485012,janet.cruz@example.com,New,
48,Kenneth,Smith,1960-03-24,5558588735,kenneth.smith@example.com,Returning,
49,Robert,Anderson,1962-08-25,5556888930,robert.anderson@example.com,New,
50,Jeffrey,Anderson,2003-02-10,5559475060,jeffrey.anderson@example.com,New,
51,Sudarsana,Gogoi,01/10/2001,9365965715,sudarsanagogoi1@gmail.com,New,2025-09-06 00:48:20
52,Ishanuj,Hazarika,07/09/1999,7002477633,ishanuj99@gmail.com,New,2025-09-06 01:13:42
53,Ishanuj,Hazarika,07/09/1999,7002477633,ishanuj99@gmail.com,New,2025-09-06 01:16:12
54,Ishanuj,Hazarika,09/07/1999,7002477633,ishanuj99@gmail.com,New,2025-09-06 01:18:15
55,Ishanuj,Hazarika,07/09/1999,7002477633,ishanuj99@gmail.com,New,2025-09-06 01:20:37
56,Sudarsana,Gogoi,10/01/2001,9365955715,ana@gmail.com,New,2025-09-06 01:23:40
57,Sudarsana,Gogoi,10/01/2001,9365955715,ana@gmail.com,New,2025-09-06 01:26:30
58,Sudarsana,Gogoi,10/01/2001,9365955715,ana@gmail.com,New,2025-09-06 01:27:15
59,Sudarsana,Gogoi,10/01/2001,9365955715,ana@gmail.com,New,2025-09-06 01:29:07
